COLOMBO,,2.4516,2.2279,2.1465,2.0526,1.8790,1.9559,1.8732,NQC,1.8772,1.8894,1.9152,NQC,1.8311,1.8337,1.7345,1.7704,1.1759,0.4638,0.4158,0.5911,0.6993,0.5923,1.0529,1.5034,1.4434,1.3571,1.5982,1.4293,1.3093,1.2328,1.0115,1.0732,0.9949,0.9968,0.8250,0.8950,0.6625,1.9034,1.7762,NQC,1.6861,2.1036,NQC,1.5225,1.4990,1.3200,1.6123,1.5054,1.5246,1.2741,1.3257,NQC,1.2613,1.1588,1.0756,0.9845,0.8624,0.9020,0.8582,0.8711,0.8887,0.7824,0.8672,0.7205,0.6984,0.7291,1.7329,1.5900,1.7810,1.6379,1.3185,1.4181,1.3413,1.3382,1.3185,1.3542,1.3712,1.5794,1.6096,1.4831,1.2849,1.2854,1.2890,1.5979,1.9317,1.5815,1.2825,2.0038,1.9530,1.9239,1.7180,1.5825,1.5310,1.4394,1.2062,1.3492,1.1729,1.3144,1.3190,1.2114,1.0876,1.4045,1.2185,1.8484,0.9271,,0.7891,1.8014,1.7223,1.4471,1.5008,1.2271,1.2326,1.3148,1.2159,1.2591,1.8051,1.4571,1.7097,1.0912,0.6697,1.1027,1.1710,0.2314,1.0697,1.1710,2.0481,1.3164,1.6983,1.5402,1.5629,1.9698,1.2478,1.2869,1.0288,1.2705,1.9222,0.8767,0.5421,1.1812,1.1415,0.9414,1.4818,1.5372,1.3875,1.1413,0.8453,0.9695,0.5715,0.4383,0.5043,0.9894,1.2277,1.0057,0.9292,1.2371,1.2723,0.5470,1.1929,1.2342,1.1442,0.8352,0.8522,0.6843,1.6162,1.5306,1.0952,NQC,1.7167,1.6527,1.4305,1.5562,1.4253,1.5533,1.6537,1.6151,1.2904,1.4086,0.8010,1.4664,1.4536,1.6551,0.6364,0.8660,0.9481,0.7182,0.7977,1.2957,1.3457,1.0381,1.3613,,0.1613,-0.1884,0.8551,0.6632,0.5376,1.3018,1.3170,1.4437,,0.5485,0.5777,0.7413,0.8494,0.8917,1.2281,0.5384,0.5370,1.2854,0.7153,0.4851,1.2685,1.4101,0.5741,1.7916,1.9509,1.6559,,1.0845,1.3305,1.0776,1.1389,1.2138,1.0934,1.7011,1.9350,0.8181,1.4331,0.4505,0.4282,1.1045,1.2020,1.3115,1.1466,2.0302,2.2594,1.9023,1.6931,1.0585,1.4153,0.9974,1.5338,0.9679,0.8942,1.3257,0.3594,0.6717,1.1138,1.0316,1.3184,1.0633,1.0999,0.8758,0.7807,0.2977,0.7756,0.9184,NQC,0.0672,0.0655,NQC,NQC,0.2439,0.3643
GAMPAHA,,2.4412,2.2147,2.1566,2.0517,1.7278,1.9550,1.8707,1.6406,1.8547,1.6816,1.6890,1.6473,1.6275,1.6219,1.6011,1.5980,1.2040,0.4618,0.4227,0.5781,0.6872,0.6036,1.1113,1.5113,1.4441,1.2593,1.6014,1.4238,1.3236,1.2275,0.8881,1.0822,0.7536,0.5734,0.8043,0.8890,0.5294,1.9033,1.7618,1.4031,1.6079,2.1067,NQC,1.3772,1.3972,1.3058,1.6342,1.5127,1.5586,1.1092,1.3241,1.1211,1.2675,1.1551,1.0759,0.9841,0.7250,0.9010,0.7463,0.7804,0.9417,0.7987,0.8722,0.7203,0.6915,0.7146,1.7343,1.5872,1.8011,1.6373,1.3153,1.4148,NQC,1.3219,1.3109,1.3554,1.3721,1.5395,1.6071,1.4869,1.2625,1.2767,1.2833,1.5452,1.8556,1.5772,1.2580,2.0025,1.9628,1.9009,1.7180,1.5825,1.5310,1.4394,1.2062,1.3492,1.1729,1.3144,1.3190,1.2114,1.0876,1.4045,1.2185,1.8484,0.7695,,0.7556,1.8014,1.7223,1.4873,1.6821,1.2283,1.2338,1.3355,1.2759,1.2591,1.8160,1.3741,1.7097,1.0912,0.6697,0.3956,0.4672,0.1232,0.9684,0.8354,2.0455,1.1536,1.5670,1.4289,1.4590,1.8747,1.2728,1.2593,1.0215,1.2686,1.9961,0.9018,0.5642,1.2055,1.1482,0.4499,1.4876,1.5317,1.3388,1.1320,0.7884,0.5901,-0.4090,0.4225,0.4798,1.0374,1.2467,1.0278,0.9821,1.3088,1.2789,0.5446,1.1884,1.3383,1.1266,0.8415,0.8532,NQC,1.5741,1.5241,1.1104,1.3994,NQC,NQC,1.3056,1.5674,1.4341,1.5085,NQC,1.5581,1.1592,1.2372,0.8661,1.4405,1.4319,1.5243,0.5586,0.8085,1.0099,0.8552,0.7430,1.2977,1.4300,1.0380,1.3505,,0.0300,-0.7530,0.8391,0.6882,0.5532,1.5693,1.4184,1.4381,,0.5856,0.6726,0.7273,0.8468,0.9083,1.2471,0.5861,0.5625,1.1846,0.7197,0.5091,1.2538,1.3601,0.6009,1.7798,1.9400,1.6534,,1.0934,1.3324,1.0672,1.1374,1.2094,1.0757,1.6256,1.8915,0.8056,1.4198,0.6740,0.6711,1.1069,1.2185,1.2845,1.1423,2.0519,2.2575,1.9146,1.6873,1.1511,1.3908,1.0193,1.5746,0.9607,0.8843,1.3795,NQC,0.9240,0.8462,0.8714,1.3040,1.0633,1.0999,0.6020,-0.0905,0.2155,0.8958,0.7873,1.2643,NQC,-0.4526,NQC,NQC,NQC,NQC
KALUTARA,,2.4446,2.2204,2.1474,2.0514,1.7840,1.9559,1.8732,1.7783,1.8995,1.7850,1.7711,NQC,1.7698,1.7682,1.7211,1.7372,1.2884,0.6491,0.7903,0.5987,0.6924,0.5923,1.2161,1.5138,1.4433,1.4426,1.5932,1.4375,1.3093,1.2257,1.1666,1.1478,NQC,NQC,0.8608,0.8937,NQC,1.9109,1.7647,NQC,1.6421,2.1193,NQC,1.5348,1.5398,1.2950,1.6319,1.5057,1.5193,NQC,1.4002,NQC,1.2645,1.1531,1.0801,0.9862,0.7957,0.8991,0.7833,0.8234,1.0562,0.7917,0.8644,0.7300,0.7196,0.7122,1.7330,1.5973,1.8042,1.6367,1.3944,1.4149,NQC,NQC,1.3781,1.3689,1.3744,1.4638,1.6094,1.4844,1.2904,1.2906,1.3147,1.5779,1.8640,1.5996,1.2853,2.0115,1.9653,1.8048,1.7180,1.5825,1.5310,1.4394,1.2062,1.3492,1.1729,1.3144,1.3190,1.2114,1.0876,1.4045,1.2185,1.8484,1.0194,,0.8140,1.8014,1.7223,1.5767,1.7488,1.2333,1.2380,1.3144,1.2993,1.2591,1.7039,1.5565,1.7097,1.0912,0.6697,0.8229,0.8747,0.5218,1.0595,1.2241,2.0560,1.2986,1.6458,1.5413,1.5900,1.9138,1.2294,1.2416,1.0783,1.3111,1.9233,0.8690,0.7297,1.2078,1.2117,0.3636,1.4958,1.5365,NQC,1.1161,1.0163,0.7780,0.7340,0.5838,0.6228,1.0609,1.2298,1.1620,1.0414,1.3075,1.3080,0.6996,1.1902,1.2597,1.1506,NQC,0.9309,NQC,1.5701,1.5483,NQC,1.4321,1.7401,1.6534,NQC,1.5970,1.4866,1.5391,1.6928,NQC,1.3673,1.3898,0.8829,1.4741,1.4332,1.7029,0.7498,0.8267,1.0219,0.9020,0.7559,1.2797,1.4332,1.1007,1.4172,,NQC,-0.3062,0.8588,0.7368,0.4018,1.5179,1.3726,1.4432,,0.8142,0.7680,0.8642,0.9380,1.0705,1.2467,0.6069,0.6188,1.2606,0.7502,0.5867,1.2836,1.4323,0.6723,1.7798,1.9259,1.6480,,1.1722,1.3432,1.0766,1.1472,1.2399,1.0733,1.6699,1.8943,0.8846,1.4293,0.9300,0.9123,1.1074,1.2119,1.3059,1.1392,2.0287,2.2523,1.9073,1.6794,1.2266,1.3820,1.4977,1.5374,0.9734,0.9089,1.2803,0.5809,0.7276,1.0886,1.0585,1.3114,1.0633,1.0999,0.9569,0.3424,0.5951,0.9194,0.4765,NQC,0.4778,-0.5592,-0.4372,0.6484,0.7635,0.0772
MATALE,,2.4981,2.2150,2.1943,2.0612,1.7073,1.9778,NQC,1.6524,1.8604,1.6800,1.6921,1.6520,1.6329,NQC,1.5648,1.5588,1.2325,0.6560,NQC,0.6104,0.7378,0.6231,1.1317,NQC,NQC,1.1763,NQC,1.5053,1.3551,1.2876,0.9068,1.0788,0.7426,0.7822,0. .8306,1.1245,NQC,1.9649,NQC,1.3920,1.6520,2.1393,1.0985,1.4027,1.3238,1.2051,1.8713,NQC,NQC,1.2467,NQC,0.8035,NQC,1.1639,1.0797,0.9899,0.7004,0.9051,0.5682,0.5741,0.9743,0.8444,0.8670,0.7282,0.5601,0.6412,1.7558,1.6036,1.7898,1.6552,1.2494,1.4304,NQC,NQC,1.2853,1.3553,1.3730,1.4628,1.6053,1.5017,NQC,1.1667,1.1869,1.5862,1.7385,NQC,1.2282,2.0307,1.9852,NQC,1.7180,1.5825,1.5310,1.4394,1.2062,1.3492,1.1729,1.3144,1.3190,1.2114,1.0876,1.4045,1.2185,1.8484,0.6803,,0.6335,1.8014,1.7223,1.6141,1.6264,1.1586,NQC,1.3364,1.3359,1.2591,1.7129,1.3067,1.7097,1.0912,0.6697,1.0112,0.7659,0.5681,1.0800,0.8278,2.0039,1.2489,1.3254,1.4563,1.5183,1.9048,1.3236,1.0975,0.8920,1.2780,1.9493,0.9389,0.6595,NQC,1.5958,0.2153,NQC,NQC,1.1888,1.1834,0.7967,1.0833,NQC,0.5883,0.5791,1.1467,1.1408,1.1511,1.1091,1.3078,1.3261,0.6597,NQC,NQC,1.1356,0.9704,0.9650,NQC,NQC,1.5392,1.2052,NQC,NQC,NQC,1.3990,1.6323,1.3570,1.3418,NQC,1.5072,1.2230,1.3834,0.7818,1.3373,1.4430,1.5773,0.7222,0.8861,0.9340,0.8352,0.6908,1.1666,1.5725,0.8558,1.1836,,NQC,0.5104,NQC,0.7824,0.4505,1.5218,1.4645,1.4457,,0.7527,0.7257,0.6429,0.9858,0.8601,1.2430,0.6724,0.6035,1.3092,0.8219,0.6023,1.2644,1.5115,0.5582,1.7553,1.9103,1.6926,,1.1816,1.3594,1.2354,1.2403,1.2222,1.1874,1.6552,2.0212,1.1028,NQC,NQC,NQC,1.1011,1.3209,1.3021,1.4005,2.0708,2.2375,1.9106,1.6922,1.3633,1.3976,NQC,1.5794,1.2561,0.4549,1.3401,NQC,0.6232,0.9007,NQC,1.4221,1.0633,1.0999,1.2767,0.5595,0.9793,0.9385,1.0223,0.5481,0.2740,0.4399,0.4670,-0.2345,-0.1395,0.4405
KANDY,,2.5501,2.2216,2.1512,2.0545,1.8169,1.9598,1.8827,NQC,1.8509,1.8032,1.8229,NQC,1.7860,NQC,1.7446,1.7709,1.3487,0.7642,0.6029,0.6183,0.7021,0.6098,1.0935,1.5677,1.4696,1.1115,1.6031,1.4175,1.3109,1.2349,0.9725,1.0802,0.9790,NQC,0.8545,0.9110,NQC,1.9075,1.7482,1.5391,1.6097,2.1072,1.5351,1.4557,1.4391,1.2720,1.6176,1.5137,1.5380,1.1251,1.3349,0.8446,1.2615,1.1531,1.0725,0.9896,0.7059,0.9043,0.7181,0.6947,0.8958,0.7813,0.8679,0.7403,0.6379,0.6542,1.7370,1.5880,1.7995,1.6381,1.3052,1.4162,1.2984,1.3284,1.2886,1.3602,1.3758,1.5496,1.6095,1.4844,1.2479,1.2512,1.2476,1.5634,1.8075,1.4504,1.2596,2.0030,1.9618,1.8142,1.7180,1.5825,1.5310,1.4394,1.2062,1.3492,1.1729,1.3144,1.3190,1.2114,1.0876,1.4045,1.2185,1.8484,0.9049,,0.7766,1.8014,1.7223,1.5499,1.4135,1.2041,1.2320,NQC,1.2688,1.2591,1.7072,1.4413,1.7097,1.0912,0.6697,1.0442,0.7393,0.5865,0.9261,0.7925,1.8855,1.1493,1.6390,1.4694,1.5028,1.7062,1.2685,1.2782,0.9673,1.3497,2.0302,0.8574,0.7592,1.2129,1.3269,0.2190,1.4830,1.5189,1.4210,1.1161,0.8989,1.0023,0.5386,0.5284,0.5812,1.0658,1.2018,1.1061,1.0226,1.3141,1.3616,0.6750,NQC,1.3008,NQC,0.8495,0.8955,0.7925,1.6247,1.5465,1.2126,1.3965,1.7092,1.6931,1.4771,1.5533,1.3905,1.4958,1.6857,1.5786,1.2908,1.3863,0.8357,1.3994,1.4093,1.4866,0.6057,0.8251,1.0044,0.9292,0.7817,1.2572,1.5037,0.9399,1.3509,,NQC,-0.5743,0.9146,0.6672,0.7381,1.4592,1.4195,1.4530,0,8096,0.7283,0.8093,0.8327,0.9592,1.2494,0.5953,0.6159,1.2194,0.7291,0.5847,1.2644,1.4723,0.6124,1.7588,2.0072,1.6514,,0.9870,1.3364,0.9805,1.1482,1.2194,1.0243,1.6894,1.9352,0.9489,1.4457,1.0142,0.9851,1.1036,1.1942,1.3500,1.1435,2.0953,2.2748,1.9205,1.7525,1.0538,1.4247,9404,1.5392,1.0196,0.6295,1.2902,0.6802,0.7095,0.9852,0.7936,1.3343,1.0633,1.0999,0.9707,0.0659,0.8065,0.9312,0.5006,NQC,0.1218,-0.0591,-0.0373,0.5822,-0.6296,-0.1319
,VUWARA ELIYA,NQC,2.2598,NQC,2.0969,1.7308,1.9775,1.9286,1.4296,1.9025,1.6837,1.7319,1.3830,1.3891,1.3789,1.3253,1.3150,1.1548,0.4627,0.3495,0.6258,0.9751,0.6297,1.0887,NQC,NQC,1.0500,NQC,NQC,NQC,1.3065,0.9122,1.0935,0.7490,0.4179,0.8315,NQC,0.3792,1.9770,NQC,1.3978,1.6081,2.1524,0.7247,1.2708,1.2167,0.8566,1.7593,NQC,NQC,NQC,NQC,0.4791,NQC,1.3844,NQC,NQC,NQC,NQC,0.4653,0.0517,0.6227,NQC,NQC,NQC,NQC,0.0269,1.7500,1.5953,1.7863,1.6374,1.1790,1.4201,1.1832,1.2130,1.2886,1.3637,1.3760,1.5619,1.6472,1.5037,NQC,1.1315,1.1193,1.5713,1.8630,1.3529,1.2634,2.1405,1.9687,1.7784,1.7180,1.5825,1.5310,1.4394,1.2062,1.3492,1.1729,1.3144,1.3190,1.2114,1.0876,1.4045,1.2185,1.8484,0.6563,,0.8008,1.8014,1.7223,1.6196,1.6318,1.1127,1.1128,1.3413,1.2609,1.2591,1.7221,1.6155,1.7097,1.0912,0.6697,1.1282,0.5186,NQC,0.8728,-0.0576,2.0535,0.6335,1.3012,1.4563,1.2798,1.6831,0.7213,0.8723,0.6082,1.0681,1.7989,1.1640,0.1790,1.2299,NQC,0.2643,NQC,NQC,0.8187,NQC,0.7445,0.5256,0.2839,NQC,0.3333,1.0474,1.1056,0.9012,0.8341,1.3351,1.3617,0.6223,NQC,NQC,NQC,0.9030,0.9177,0.7229,NQC,NQC,1.0697,NQC,NQC,NQC,1.1843,NQC,1.2336,1.3735,NQC,1.2694,1.1088,1.1477,0.7375,1.2978,0.9738,1.6650,0.5771,0.8625,0.9404,0.7283,0.6827,1.1065,1.3993,0.5573,0.9592,,0.2803,0.4330,1.1030,1.0894,-0.3100,1.1876,1.4555,1.4527,,0.6879,0.7686,0.7087,0.6925,0.5418,1.1206,0.4334,0.4346,1.0913,0.5238,0.3760,1.2598,1.5522,0.4775,1.8890,1.9312,1.7028,,0.9164,1.3314,0.9125,1.2403,1.2109,1.0223,1.6240,2.0122,0.8727,1.4823,0.8509,0.8014,1.2979,1.1940,1.5024,1.1323,2.0682,2.2490,2.0037,1.7607,1.1672,1.3969,0.8619,1.6373,NQC,0.4319,NQC,0.7378,1.3782,NQC,0.5150,1.3940,1.0633,1.0999,0.7268,0.6688,0.3023,-0.1693,0.3940,-0.2382,0.4185,0.1365,0.2056,0.5513,0.0173,0.3666
GALLE,,2.4478,2.2429,2.1503,2.0791,NQC,1.9552,1.8728,NQC,1.9071,NQC,1.8661,NQC,1.8319,1.8340,1.7523,1.7812,1.3090,0.6394,0.6045,0.5857,0.7423,0.5863,1.1207,1.5440,1.4435,1.4051,1.5974,1.4172,1.3195,1.2282,NQC,1.0850,1.1413,NQC,0.8240,0.8943,NQC,1.9115,1.7652,NQC,1.7063,2.1010,NQC,1.4786,1.5052,1.3452,1.6196,1.5121,1.5537,NQC,1.3671,NQC,1.2617,1.1534,1.0726,0.9868,0.9686,0.9499,NQC,NQC,1.0750,0.7814,0.8687,0.7555,0.8560,0.7741,1.7330,1.5885,1.7936,1.6367,NQC,1.4188,NQC,1.3444,1.3447,1.3555,1.3951,1.5527,1.6072,1.4871,1.2685,1.2628,1.2646,1.5400,1.8970,1.5297,1.2955,2.0000,1.9857,NQC,1.7180,1.5825,1.5310,1.4394,1.2062,1.3492,1.1729,1.3144,1.3190,1.2114,1.0876,1.4045,1.2185,1.8484,0.9275,,0.8782,1.8014,1.7223,1.5356,1.8038,1.2229,1.2377,1.4449,1.2892,1.2591,1.8236,1.4901,1.7097,1.0912,0.6697,1.2613,0.6972,0.0535,1.0997,0.9833,2.1122,1.0783,1.7065,1.4443,1.6060,1.9024,1.2934,1.3176,1.0711,1.3609,1.9887,0.8983,0.6911,1.1780,1.1591,0.7929,1.4822,1.5465,1.4546,1.1543,1.0044,0.9355,NQC,0.5437,0.6395,1.1468,1.2610,1.1831,1.0864,1.3263,1.3240,0.7049,1.1939,1.2380,1.1330,1.0061,0.9826,NQC,1.5740,1.5364,NQC,1.4923,1.7304,1.6681,1.6107,1.6253,1.4146,1.4766,1.6966,1.6871,1.3834,1.3966,0.9434,1.4173,1.4452,1.5494,0.6993,0.8847,1.0082,0.8833,0.8451,1.3291,1.5275,1.0840,1.3813,,NQC,NQC,0.8627,0.6865,0.1814,1.3344,1.4395,1.4384,,0.8234,0.7902,0.8870,0.9558,1.0906,1.2645,0.6459,0.6662,1.2545,0.8012,0.5924,1.3126,1.4373,0.6795,1.7665,1.9102,1.6549,,1.2399,1.3448,1.2663,1.1767,1.2163,1.1782,1.6564,1.9062,1.0020,1.4506,0.7175,0.6873,1.1071,1.2103,1.3731,1.2831,2.0443,2.2330,1.9038,1.6740,1.4967,1.4452,NQC,1.5480,0.9758,0.9235,1.3169,NQC,0.8917,1.1879,1.1485,1.3229,1.0633,1.0999,0.1914,1.7660,0.9002,1.0293,0.3861,1.3809,NQC,NQC,NQC,-0.9468,NQC,NQC
VATARA,,2.4552,2.2225,2.1557,2.0508,NQC,1.9550,1.9130,NQC,1.9079,1.9005,NQC,NQC,1.8405,1.8535,1.7211,1.7361,1.3705,0.6099,0.5849,0.5798,0.7077,0.5887,1.1777,1.6068,1.4624,1.3730,1.6141,1.4226,1.3103,1.2297,NQC,1.0802,NQC,NQC,0.8080,0.9447,0.7164,1.9095,1.7507,NQC,1.7840,2.1146,NQC,1.5106,1.5306,1.3892,1.6129,1.5127,1.5253,NQC,1.4776,NQC,1.2642,1.1622,1.0783,0.9925,NQC,0.9064,NQC,NQC,1.0723,0.7828,0.8658,0.7653,0.7871,NQC,1.7336,1.5890,1.7827,1.6442,NQC,1.4193,NQC,NQC,NQC,1.3738,1.4059,1.5894,1.6053,1.4943,1.2719,1.3261,1.2753,1.5497,1.9436,1.4216,1.2892,2.0000,1.9597,1.9404,1.7180,1.5825,1.5310,1.4394,1.2062,1.3492,1.1729,1.3144,1.3190,1.2114,1.0876,1.4045,1.2185,1.8484,0.9528,,0.7989,1.8014,1.7223,1.5510,1.7911,1.2174,1.2173,1.3128,1.3061,1.2591,1.8438,1.5734,1.7097,1.0912,0.6697,1.1287,1.0700,0.6811,1.0875,0.6762,2.0723,1.2718,1.7336,1.5603,1.5496,2.0100,1.3459,1.2872,1.0809,1.3502,2.0730,0.8958,0.7513,1.2019,NQC,0.4869,1.4852,1.5372,NQC,1.1339,1.1313,0.9573,NQC,0.5752,0.6093,1.1646,1.2640,1.2344,1.1012,1.3521,1.3184,0.7267,1.1992,1.2361,1.1294,NQC,1.0174,NQC,NQC,1.5286,NQC,1.4764,1.7120,1.6680,NQC,1.5984,1.4687,1.5766,1.6836,1.7154,1.4317,1.4537,0.9402,1.4785,1.4616,1.6972,0.7220,0.9032,0.9949,0.9253,0.8623,1.3384,1.4749,1.1215,1.4020,,NQC,0.1621,1.2009,0.8214,0.4293,1.2648,NQC,1.4684,,0.7875,0.7723,0.8585,0.9577,1.0776,1.2770,0.6701,0.6345,1.2693,0.7641,0.6020,1.2938,1.5183,0.6569,1.7598,1.9196,1.6526,,1.3020,1.3384,1.4843,1.3418,1.3251,1.3046,1.6347,1.9476,NQC,1.4648,NQC,NQC,1.3619,1.1956,1.2998,1.1920,2.0278,2.2341,1.9567,1.6745,NQC,1.5320,NQC,1.5540,0.9772,1.3015,1.3136,0.2825,NQC,1.1603,1.1187,1.3183,1.0633,1.0999,1.2467,0.8580,0.8851,1.0088,0.9872,0.7901,0.0609,NQC,-0.1418,0.2380,NQC,NQC
,HAMBANTOTA,2.4711,2.2646,2.1643,2.0508,1.7765,1.9606,1.9222,1.8366,1.8525,1.7698,NQC,NQC,1.7587,1.8254,1.7457,1.7306,1.3042,0.8231,0.6204,0.6221,0.7067,0.6287,1.1177,1.5091,1.4433,NQC,1.6106,1.4273,1.3119,1.2442,0.9197,1.0923,0.8596,0.7948,0.8412,0.9282,0.6722,1.9035,1.7631,NQC,1.6355,2.1096,NQC,1.5290,1.4986,1.3718,1.6148,1.5117,1.5284,NQC,1.4149,NQC,1.2677,1.1700,1.0747,0.9849,0.7826,0.9053,0.7707,0.8599,1.1194,0.7879,0.8665,0.7367,0.8102,NQC,1.7340,1.6067,1.7847,1.6599,1.0906,1.4305,1.0918,1.1000,1.2875,1.3555,1.3878,1.5439,1.6351,1.4862,NQC,1.0560,1.0437,1.5189,1.8041,1.1957,1.1815,1.9979,NQC,NQC,1.7180,1.5825,1.5310,1.4394,1.2062,1.3492,1.1729,1.3144,1.3190,1.2114,1.0876,1.4045,1.2185,1.8484,0.9054,,0.8160,1.8014,1.7223,1.5173,1.7798,NQC,1.0374,1.3197,1.2982,1.2591,1.6811,1.5549,1.7097,1.0912,0.6697,0.9159,0.6614,0.2734,1.0208,0.6245,1.9027,1.0203,1.6923,1.4689,1.6021,1.6099,1.3027,1.3374,1.1104,1.3608,1.9968,0.8662,0.8136,1.3559,1.2605,0.2568,1.5052,1.5143,NQC,1.1243,1.1018,0.9321,NQC,0.6160,0.6449,1.1374,1.1071,1.1551,1.0918,1.3120,1.3160,0.7254,1.2266,1.2339,1.1346,NQC,0.9920,NQC,1.5702,1.5269,NQC,1.4849,1.7054,1.6555,NQC,1.6116,1.5502,1.5823,1.6695,NQC,1.3729,1.4359,0.9750,1.4686,1.4254,1.6388,0.7208,0.8198,1.0460,0.9657,0.8504,1.1523,1.3632,1.0793,1.4023,,NQC,-0.3248,1.0829,0.6952,0.2507,1.4845,1.3499,1.4956,,0.8346,0.7755,0.8963,0.9695,1.0951,1.1057,0.6494,0.6652,1.2654,0.7811,0.6085,1.2256,1.5221,0.6543,1.7827,NQC,1.6672,,1.1762,1.3703,NQC,1.1694,1.2114,1.2055,1.6236,1.9303,1.0592,1.5426,1.0748,NQC,1.1025,1.1885,1.2959,1.1367,2.0748,2.3179,1.9451,1.6927,1.3243,1.3884,1.3141,1.5584,0.9620,0.7725,1.2827,NQC,NQC,1.0815,1.1990,1.3170,1.0633,1.0999,1.1013,0.9397,0.4056,0.6664,NQC,NQC,NQC,NQC,-0.0806,NQC,NQC,NQC
AFFNA,,2.4504,2.2120,2.1968,NQC,1.8724,NQC,2.0797,NQC,NQC,NQC,NQC,NQC,1.8086,NQC,1.7370,1.7859,1.3043,0.6679,0.6728,0.7215,0.6964,0.6797,1.2116,1.5054,1.4820,NQC,1.6491,1.4511,1.3328,1.2634,1.0082,NQC,NQC,NQC,0.8127,0.9571,0.7369,1.9054,1.7800,NQC,NQC,2.1167,NQC,1.4386,1.4641,1.3571,1.6366,1.5073,1.5575,1.3709,1.3711,NQC,1.2689,1.1636,1.0765,1.0002,0.7660,NQC,0.8687,NQC,1.0978,0.8123,0.8810,0.7368,0.7346,NQC,1.7354,1.6123,1.8025,NQC,1.0660,NQC,1.0089,1.1683,1.4507,NQC,NQC,1.3482,NQC,NQC,NQC,NQC,0.8918,1.4919,1.8630,1.0875,1.0237,2.0690,1.9529,1.9029,1.7180,1.5825,1.5310,1.4394,1.2062,1.3492,1.1729,1.3144,1.3190,1.2114,1.0876,1.4045,1.2185,1.8484,0.9949,0_,).6890,1.8014,1.7223,1.4598,NQC,NQC,0.9572,NQC,1.1540,1.2591,1.3548,1.1702,1.7097,1.0912,0.6697,1.2043,NQC,0.0937,1.1080,0.9751,1.9617,1.2979,1.7388,1.3551,1.5589,1.3797,1.3509,1.2150,1.0583,1.3553,1.8949,0.9188,0.9618,1.2029,NQC,0.2557,1.5082,1.5199,1.6124,1.1722,0.8635,0.7642,0.7470,0.8202,0.6615,0.7980,0.9463,0.8457,0.8371,1.1645,1.2371,0.6562,1.1993,1.2584,1.1534,0.9637,1.0408,NQC,1.5839,1.5272,1.5035,NQC,1.7561,1.6543,1.6436,NQC,1.5571,1.4538,1.6759,1.7109,1.3996,1.4772,0.6446,1.3710,1.4517,1.4075,0.6113,0.9031,1.0147,0.8549,0.8635,1.0644,1.5027,1.1011,1.3979,,0.1970,0.7122,NQC,NQC,-0.3480,1.3580,1.1544,NQC,,0.5905,0.7075,0.7102,0.9713,1.1189,0.7803,0.6557,0.6271,1.2459,0.8167,0.6052,0.8376,1.5936,0.6486,1.8646,1.9351,1.6823,,0.7821,NQC,1.0437,NQC,1.2638,1.0287,1.8488,2.0881,0.8051,NQC,0.4389,0.4207,1.3054,NQC,NQC,1.4436,2.0449,2.2743,1.9039,NQC,1.0821,1.3859,8547,1.8565,0.9819,0.9422,NQC,0.9260,NQC,NQC,NQC,1.4395,1.0633,1.0999,NQC,NQC,-0.2374,NQC,NQC,0.3750,0.5709,0.4859,0.2134,0.5660,0.4060,0.9743
,KILINOCHCHI,NQC,2.3267,2.1972,NQC,1.7943,NQC,NQC,NQC,NQC,NQC,NQC,NQC,1.6660,NQC,1.6470,1.5353,1.2744,0.5958,0.4655,0.8534,NQC,NQC,0.7893,NQC,NQC,1.1019,NQC,NQC,NQC,NQC,0.9132,NQC,0.8409,0.6308,NQC,NQC,0.5981,NQC,NQC,1.3255,1.6368,2.1576,1.2605,1.0771,1.2035,1.2397,NQC,NQC,NQC,1.2027,NQC,0.8907,NQC,NQC,NQC,NQC,0.7308,NQC,0.6225,NQC,0.9730,NQC,NQC,NQC,0.5737,NQC,1.7334,1.6123,NQC,NQC,1.0988,NQC,1.0157,NQC,NQC,NQC,NQC,1.2899,NQC,NQC,NQC,NQC,0.9646,1.5127,1.2875,NQC,0.9097,NQC,NQC,1.7541,1.7180,1.5825,1.5310,1.4394,1.2062,1.3492,1.1729,1.3144,1.3190,1.2114,1.0876,1.4045,1.2185,1.8484,0.3307,,0.3022,1.8014,1.7223,1.5526,NQC,NQC,0.9587,1.4266,1.1442,1.2591,1.3238,1.3765,1.7097,1.0912,0.6697,NQC,NQC,NQC,1.0034,NQC,1.3238,NQC,1.3178,1.1817,1.0237,0.9290,NQC,0.8720,0.4734,0.8949,2.0612,NQC,0.5043,NQC,NQC,NQC,NQC,NQC,1.1679,NQC,0.6676,0.6318,0.6740,NQC,0.3229,0.2938,0.9018,0.7141,0.6293,1.1550,1.1664,0.4617,1.1914,NQC,NQC,NQC,1.1375,1.0353,NQC,NQC,1.5336,NQC,NQC,NQC,1.5983,NQC,1.5570,1.2731,NQC,1.5702,1.3590,1.4050,0.4486,0.9322,1.0147,NQC,0.4242,0.5578,1.0118,0.7285,0.3782,0.5331,1.4104,0.9562,1.0163,,0.3664,NQC,1.1502,NQC,0.9333,0.3224,1.4279,NQC,,0.4538,0.4114,0.6769,0.8768,0.8339,1.0459,0.4201,0.6892,0.6355,0.8050,0.3673,0.7287,1.4479,0.4770,1.8774,2.0729,NQC,,0.0642,NQC,NQC,NQC,NQC,NQC,NQC,NQC,NQC,NQC,0.0815,0.5054,NQC,NQC,1.3952,NQC,NQC,NQC,NQC,NQC,1.0748,1.5104,0 8913,NQC,NQC,0.0832,NQC,0.6382,NQC,NQC,NQC,1.2347,1.0633,1.0999,NQC,NQC,NQC,NQC,NQC,-0.0806,0.3848,0.3409,0.9594,0.5767,0.4378,1.0107
MANNAR,,NQC,NQC,NQC,2.1087,1.7335,NQC,NQC,1.6845,NQC,1.7070,1.8481,NQC,1.6619,NQC,1.5410,1.5458,1.2453,0.4667,0.3943,NQC,0.7442,0.8777,1.1268,NQC,NQC,1.2822,NQC,NQC,NQC,NQC,NQC,NQC,0.8468,0.2566,NQC,NQC,0.2480,NQC,NQC,1.3880,1.6789,2.2964,1.1786,1.1130,1.0115,1.1677,NQC,NQC,NQC,NQC,NQC,0.5131,NQC,NQC,NQC,NQC,NQC,1.0094,0.4528,0.0149,0.9445,NQC,NQC,NQC,NQC,0.0124,1.7605,1.5879,1.9060,NQC,1.0787,NQC,1.3019,NQC,1.3341,1.3933,1.3966,1.5419,NQC,1.4856,NQC,1.0686,NQC,1.5775,1.5583,1.0630,1.0539,2.1026,NQC,1.7475,1.7180,1.5825,1.5310,1.4394,1.2062,1.3492,1.1729,1.3144,1.3190,1.2114,1.0876,1.4045,1.2185,1.8484,0.8365,,0.2125,1.8014,1.7223,1.5920,NQC,NQC,1.0619,NQC,1.1552,1.2591,1.0650,1.1896,1.7097,1.0912,0.6697,1.0359,NQC,NQC,0.8482,NQC,1.5693,0.4729,1.4707,1.4705,1.0463,1.7639,1.0933,0.5469,0.3522,0.7306,1.9200,NQC,0.8460,1.2409,NQC,0.2580,NQC,NQC,1.1122,NQC,0.8186,0.8055,0.6423,NQC,0.2385,0.3917,1.0246,0.7467,0.8008,1.3570,1.3138,0.5700,1.2278,NQC,1.1498,0.9179,NQC,NQC,NQC,NQC,1.3911,NQC,NQC,NQC,1.5085,NQC,1.4238,1.4620,NQC,1.5430,1.0102,1.3446,0.9298,1.0410,1.0521,1.0883,0.4677,0.7679,0.3409,0.8604,0.4877,1.0606,1.5983,0.5667,0.5768,,0.7151,0.2804,NQC,0.8277,NQC,1.4451,1.4990,NQC,,0.4403,0.2939,0.7586,0.8824,1.1309,1.0520,0.6189,0.2525,1.0465,0.5081,0.2913,1.2047,1.4857,0.2077,NQC,NQC,NQC,0.,4322,NQC,NQC,NQC,NQC,NQC,NQC,NQC,NQC,1.4963,0.6483,0.6748,NQC,1.2247,1.3073,NQC,NQC,NQC,NQC,NQC,NQC,NQC,0.5081,NQC,NQC,NQC,NQC,0.8658,NQC,NQC,NQC,1.2516,1.0633,1.0999,NQC,NQC,NQC,NQC,NQC,0.7050,0.5690,0.1749,0.4944,0.5640,0.5766,0.8425
,MULLAITIVU,NQC,2.2786,NQC,NQC,1.8819,NQC,NQC,NQC,NQC,NQC,NQC,NQC,1.7586,NQC,1.6464,1.3834,1.2566,0.6176,0.7097,NQC,NQC,NQC,0.9533,NQC,NQC,1.3428,NQC,NQC,NQC,NQC,0.9179,NQC,0.8390,NQC,NQC,NQC,0.6331,NQC,NQC,1.3682,1.6311,NQC,0.8143,0.9722,0.7608,0.7110,NQC,NQC,NQC,NQC,NQC,0.6127,NQC,NQC,NQC,NQC,NQC,NQC,0.4382,0.2835,0.6239,NQC,NQC,NQC,NQC,0.3395,1.7390,1.6091,1.8638,NQC,1.2681,NQC,NQC,NQC,1.5812,NQC,NQC,1.2196,NQC,NQC,1.2541,1.2356,NQC,1.5170,1.2820,NQC,1.2233,2.0776,1.9594,NQC,1.7180,1.5825,1.5310,1.4394,1.2062,1.3492,1.1729,1.3144,1.3190,1.2114,1.0876,1.4045,1.2185,1.8484,0.4195,,0.2226,1.8014,1.7223,1.6461,NQC,1.2117,NQC,NQC,1.1958,1.2591,1.5658,1.1836,1.7097,1.0912,0.6697,NQC,NQC,NQC,0.9077,NQC,1.2498,NQC,1.4911,1.1849,0.7543,1.4431,0.7165,0.5726,0.5371,0.5698,1.9218,NQC,1.1284,NQC,NQC,NQC,NQC,1.5418,1.0084,NQC,1.1659,0.4243,0.6910,NQC,0.2822,0.4441,1.1609,0.8908,0.4234,1.1545,1.1523,0.5144,1.3856,NQC,1.1769,0.9836,NQC,NQC,NQC,1.5448,NQC,1.4506,NQC,NQC,1.6030,NQC,1.4904,1.4162,NQC,1.6234,1.4198,1.4866,0.9779,0.9189,0.9422,-0.2361,0.6402,0.3524,0.8046,0.5136,0.2773,1.1780,1.5620,0.5171,0.5742,,0.5126,0.3150,0.9354,NQC,NQC,0.9655,NQC,1.4803,,0.3533,0.2891,0.2835,0.4364,0.5434,1.0752,0.4169,0.6090,0.9126,0.5518,0.3244,0.8884,1.1513,0.2664,NQC,NQC,NQC,,0.5534,1.4436,NQC,1.1804,NQC,NQC,1.6709,NQC,NQC,NQC,0.1977,NQC,NQC,NQC,NQC,NQC,NQC,NQC,NQC,NQC,NQC,NQC,0.2412,NQC,NQC,-0.2476,NQC,0.9694,NQC,NQC,NQC,1.1682,1.0633,1.0999,NQC,NQC,NQC,NQC,NQC,0.5589,0.6667,0.4024,0.4468,0.6064,0.3287,0.9723
VAVUNIYA,,2.5134,2.2496,2.1503,NQC,1.8433,1.9671,1.8938,1.9934,1.9980,NQC,NQC,NQC,NQC,1.8206,1.7615,1.7345,0.6477,0.5199,0.4281,NQC,NQC,NQC,0.9612,NQC,NQC,1.0429,NQC,NQC,NQC,1.2389,1.1751,NQC,0.8075,0.4457,NQC,NQC,0.5052,1.9561,1.8165,1.3911,1.6191,2.1726,1.3571,1.1943,1.1720,1.2551,1.8869,NQC,NQC,1.2433,NQC,0.7283,NQC,NQC,NQC,NQC,0.7277,NQC,0.4678,0.3035,0.9950,0.9540,NQC,NQC,0.5509,0.2761,1.7336,1.6144,1.8014,NQC,1.1649,NQC,1.2047,1.2397,1.3520,NQC,NQC,1.5189,1.6367,NQC,1.2521,1.0574,NQC,1.5193,1.7014,NQC,1.2462,2.0576,1.9934,1.9205,1.7180,1.5825,1.5310,1.4394,1.2062,1.3492,1.1729,1.3144,1.3190,1.2114,1.0876,1.4045,1.2185,1.8484,0.7592,,0.7938,1.8014,1.7223,1.3174,1.6569,NQC,1.0532,1.3383,NQC,1.2591,1.6188,1.2851,1.7097,1.0912,0.6697,NQC,NQC,NQC,1.0356,NQC,1.7488,0.7056,1.5225,1.5549,1.1570,2.0405,0.7135,1.2292,0.8896,1.0531,1.7666,1.4667,0.7217,NQC,NQC,0.3714,1.4905,NQC,NQC,1.1909,1.0654,0.8336,0.6363,0.8055,0.4235,0.9452,1.0331,1.0332,0.8293,1.3099,1.3168,0.5585,1.2567,NQC,1.1376,1.0390,1.0532,NQC,1.5898,1.5486,NQC,1.4387,NQC,1.6896,1.6158,NQC,1.4813,1.5521,NQC,1.6377,1.3074,1.3532,0.6177,0.8452,1.2451,1.0641,0.4123,0.7850,0.4319,0.8849,0.3543,1.0095,1.5617,1.0640,1.1215,,0.1970,NQC,NQC,NQC,NQC,1.0210,NQC,1.4549,,0.4802,0.2904,0.6147,0.9780,1.0911,1.0970,0.3547,0.2620,1.0865,0.6780,0.3906,1.2680,1.5280,0.4625,NQC,NQC,NQC,,0.2225,NQC,0.9334,1.5407,NQC,1.0215,NQC,NQC,0.8241,NQC,0.5622,0.4994,NQC,NQC,NQC,1.1446,NQC,NQC,NQC,NQC,1.2590,NQC,0.1369,NQC,NQC,0.4188,NQC,0.9181,NQC,NQC,NQC,1.4837,1.0633,1.0999,NQC,NQC,1.4451,1.1050,NQC,0.9317,0.4882,0.4496,NQC,-0.0913,-0.3866,0.3932
,TRINCOMALEE,2.4637,2.2480,2.1783,2.0533,1.7138,2.0044,1.8843,1.7370,1.8620,NQC,1.7552,NQC,1.6686,NQC,1.6649,1.6639,1.0878,0.4674,0.4730,NQC,NQC,0.6900,1.1347,NQC,NQC,1.1645,NQC,1.4192,1.3766,NQC,0.9871,NQC,0.9962,0.5396,NQC,NQC,0.4815,1.9674,1.8803,1.3429,1.6188,2.2361,1.2946,1.2499,1.2394,1.1011,NQC,NQC,1.5422,1.2893,NQC,0.7455,1.3205,NQC,NQC,NQC,0.7051,0.9038,0.4719,0.5409,1.0721,0.8370,0.8692,NQC,0.5703,0.3900,1.7496,1.6488,1.7897,1.6505,1.0712,1.4779,1.0857,1.0700,1.3050,NQC,1.3702,1.4408,NQC,NQC,NQC,1.0608,0.9556,1.5620,1.7542,1.1009,1.2269,2.0024,1.9595,1.9353,1.7180,1.5825,1.5310,1.4394,1.2062,1.3492,1.1729,1.3144,1.3190,1.2114,1.0876,1.4045,1.2185,1.8484,1.0166,,0.7425,1.8014,1.7223,1.6698,1.4990,NQC,0.9470,1.3403,1.3344,1.2591,1.6772,1.2349,1.7097,1.0912,0.6697,0.6160,NQC,NQC,1.1375,0.2069,1.3678,1.3122,1.5588,1.5491,1.2354,1.6668,1.0237,1.0293,0.9288,1.1016,2.0327,1.0812,0.5191,NQC,NQC,0.3894,NQC,NQC,1.1570,1.1224,1.0945,1.1875,0.7539,0.8129,0.6419,0.7161,0.9219,1.1359,0.6262,1.2732,1.3925,0.5614,1.2220,1.3160,1.1790,1.0192,NQC,NQC,1.5775,1.5365,1.4968,NQC,NQC,NQC,1.6113,1.6224,1.5627,1.2794,1.6555,NQC,1.3189,1.4911,0.6674,1.2645,1.1905,1.5726,0.5575,0.9010,0.5905,0.7388,0.7876,1.1627,1.5828,0.9920,1.2470,,0.1176,0.4270,0.9992,NQC,0.2434,1.2910,1.2201,NQC,,0.4761,0.6009,0.8682,0.9462,0.8372,1.1342,0.6344,0.5171,1.2952,0.7907,0.6093,1.1710,1.5847,0.4967,1.7613,2.2248,1.7241,,0.5950,1.5264,0.9775,NQC,1.2614,1.1551,1.6355,2.0765,0.9341,1.5564,0.6076,0.6722,1.2816,NQC,1.4643,NQC,2.1626,2.2778,1.9857,NQC,1.6671,NQC,0.7518,1.7729,NQC,0.5883,NQC,0.1045,0.7570,NQC,NQC,1.4830,1.0633,1.0999,1.1231,NQC,0.6958,0.8009,0.7855,0.3538,0.2208,0.0199,0.3400,0.5759,0.9836,0.9159
,BATTICALOA,2.4902,2.2518,2.1621,2.0571,1.8226,1.9614,NQC,1.8413,1.8601,NQC,NQC,NQC,1.7962,NQC,1.7456,1.7530,1.1553,0.5724,0.5697,NQC,0.7723,0.5791,1.1750,NQC,NQC,1.2097,NQC,1.5038,1.3365,1.2483,1.0014,1.0716,0.7572,0.6869,0.9068,NQC,0.6373,1.9032,1.8462,1.4842,1.6126,2.1146,1.5402,1.4094,1.3920,1.3807,2.2870,NQC,NQC,1.1515,NQC,1.0560,1.3694,NQC,1.1048,0.9932,0.6974,0.9065,0.5306,0.5543,1.0850,0.8026,NQC,0.8316,0.5681,0.5803,1.7354,1.5879,1.7978,1.6562,1.1708,1.5693,1.1723,1.2038,1.2869,NQC,NQC,1.4687,NQC,NQC,NQC,1.1332,1.1162,1.4990,1.9533,1.1035,1.1005,2.0666,1.9797,1.9360,1.7180,1.5825,1.5310,1.4394,1.2062,1.3492,1.1729,1.3144,1.3190,1.2114,1.0876,1.4045,1.2185,1.8484,1.0006,,0.7491,1.8014,1.7223,1.5635,NQC,1.0977,1.0897,NQC,1.2222,1.2591,1.7445,1.3342,1.7097,1.0912,0.6697,1.0429,NQC,0.8021,0.9939,NQC,2.0229,1.2506,1.5310,1.4509,1.3384,1.5441,1.3141,1.1579,1.0484,1.2576,1.9766,0.8626,0.7440,1.2695,NQC,0.3894,NQC,NQC,1.3163,1.1111,1.0738,1.2597,0.7482,0.7989,0.6362,1.0664,1.1206,1.2084,0.9611,1.1742,1.3948,0.6844,1.2015,NQC,1.1378,0.9374,1.0013,0.9994,1.5872,1.5309,1.4891,1.5034,1.7382,1.7539,1.6084,1.6084,1.5164,1.5098,1.6657,1.6903,1.4293,1.4700,0.6503,1.4021,1.4344,1.6337,0.5615,0.8468,1.0512,0.6946,0.8316,1.0752,1.5841,1.0319,1.2586,0.,2359,0.2996,0.9427,NQC,-0.1692,1.5633,1.1673,NQC,,0.5988,0.6158,0.7257,0.9086,1.0657,0.9905,0.5569,0.5436,1.2347,0.7541,0.5462,0.9571,1.5599,0.5157,1.7827,1.9269,1.6570,,0.9831,1.6356,1.0002,1.2859,1.2088,1.0721,1.7305,1.8957,0.8730,NQC,0.9926,1.1852,1.1164,1.6174,1.4707,1.1487,2.2895,2.2707,1.9048,1.6993,NQC,1.3815,1.3603,1.5967,0.9607,0.5258,NQC,0.9021,0.8875,NQC,NQC,1.4334,1.0633,1.0999,NQC,NQC,0.2295,NQC,NQC,0.2254,0.5115,0.4023,0.6957,0.7486,0.4710,0.9995
AMPARA,,2.4374,2.2384,2.1690,2.0536,1.8321,1.9566,1.8997,1.8169,1.8566,1.8048,1.8216,NQC,1.7816,NQC,1.7268,1.7033,1.3384,0.5844,0.6102,0.5905,0.7557,0.5914,1.2193,NQC,NQC,1.1779,1.6068,NQC,1.3223,1.2325,0.8995,1.0800,0.8038,0.8888,NQC,0.9495,0.6575,1.9111,NQC,1.3419,1.6166,2.2577,1.3775,1.2183,1.1729,1.1659,NQC,NQC,NQC,1.1527,NQC,0.8677,1.6380,NQC,NQC,1.0241,0.6966,0.9064,0.5841,0.5742,1.0476,NQC,0.8755,NQC,0.5333,0.5292,1.7941,1.5906,1.9218,1.6367,1.0813,1.4174,1.0898,1.0880,1.2945,1.3558,1.3894,1.5224,1.6282,1.4849,NQC,1.0562,1.0142,1.5522,1.7972,1.0637,1.0100,2.0192,1.9530,1.9327,1.7180,1.5825,1.5310,1.4394,1.2062,1.3492,1.1729,1.3144,1.3190,1.2114,1.0876,1.4045,1.2185,1.8484,0.7969,,0.7235,1.8014,1.7223,1.6659,1.4953,NQC,0.9916,1.3140,1.2751,1.2591,1.4429,1.3103,1.7097,1.0912,0.6697,0.9578,0.1072,0.2531,1.0158,0.7401,1.6088,0.9146,1.4474,1.2264,1.1981,1.6587,0.8861,1.0165,0.8596,1.0712,1.9955,0.8770,0.7846,1.3610,NQC,0.4487,1.5052,NQC,1.1844,1.1254,1.1254,1.3318,0.7573,0.7276,0.5632,0.8983,0.9687,0.9017,0.9874,1.2965,1.3052,0.6907,1.1959,1.2359,1.1404,1.0531,1.0786,1.0082,1.6125,1.5375,1.4945,1.4550,1.7194,1.6565,1.6454,1.5551,1.5723,1.5852,1.7007,1.6960,1.4318,1.4633,0.8476,1.4615,1.1898,1.6489,0.6243,0.7123,0.7761,0.7503,0.8117,1.0157,1.5920,1.0374,1.3876,,0.0565,0.1651,1.2696,0.9496,0.4199,1.5559,1.3212,NQC,,0.5950,0.6398,0.5809,0.8652,1.0531,1.0282,0.5568,0.5831,1.2162,0.7111,0.5723,1.0670,1.5817,0.5370,NQC,2.1379,1.6995,,0.7647,1.5802,0.9684,1.1709,1.2379,0.9938,1.7506,1.9967,0.9533,1.4465,1.3297,0.9778,NQC,1.2470,1.3013,1.1408,2.0736,2.4197,2.0068,1.8338,1.0832,1.3810,0.8812,1.6034,NQC,0.0818,NQC,0.5429,0.5850,NQC,0.7682,1.4135,1.0633,1.0999,0.4630,1.2128,0.3449,0.6324,0.4125,0.3170,0.8079,-0.2764,0.5714,0.0929,-0.1534,0.7860
PUTTALAM,,2.4946,2.2805,2.1698,2.0552,1.7175,1.9578,1.9381,1.6762,1.8496,1.6839,1.6873,NQC,1.6623,NQC,1.6574,1.6201,1.1835,0.4726,0.3803,0.6016,0.9017,0.5783,1.1472,NQC,1.4971,1.0350,1.6170,1.4391,1.3112,1.2578,0.9048,1.0856,0.7416,0.5876,0.8286,NQC,0.4939,1.9303,1.7810,1.3371,1.6414,2.1492,1.2173,1.3329,1.3391,1.1705,1.7712,NQC,NQC,1.1268,NQC,0.6784,1.3690,1.1531,1.1056,1.0236,0.7319,0.9151,0.4211,0.3296,0.9590,0.8838,NQC,0.7392,0.5963,0.2839,1.7333,1.6067,1.7979,1.6374,1.1731,1.4582,1.2032,1.2147,1.2859,1.3618,1.3742,1.3410,NQC,1.5497,NQC,1.1032,1.0981,1.5265,1.7134,1.4138,1.1703,2.0253,1.9764,1.8898,1.7180,1.5825,1.5310,1.4394,1.2062,1.3492,1.1729,1.3144,1.3190,1.2114,1.0876,1.4045,1.2185,1.8484,0.7097,,0.5615,1.8014,1.7223,1.5841,1.7294,1.0899,NQC,1.3180,1.3366,1.2591,1.7536,1.2811,1.7097,1.0912,0.6697,0.4771,1.9784,NQC,0.8864,0.7015,1.4693,0.6786,1.3475,1.4384,1.3067,1.8480,1.0236,1.0541,0.9377,1.0640,1.8688,0.8809,0.0527,NQC,1.1742,0.7094,NQC,NQC,1.1462,1.1243,1.0073,1.3224,0.5737,0.5631,0.4660,0.7391,1.0655,0.7273,0.6753,1.2870,1.2720,0.6195,1.2663,1.3846,NQC,0.9075,0.9236,NQC,NQC,1.5385,1.3962,1.4419,NQC,NQC,1.5206,1.5445,1.5429,1.5543,NQC,1.6454,1.4324,1.4935,0.8203,1.3995,1.2916,1.7022,0.5322,0.6873,0.9096,0.9316,0.6864,1.0872,1.5525,1.0346,1.2104,,-0.0226,0.2763,0.8768,0.6881,0.7034,1.3925,13726,1.4579,,0.5939,0.5053,0.7556,0.7852,0.9228,1.1519,0.4438,0.4226,1.1711,0.6461,0.4686,1.1635,1.4694,0.4018,1.8230,2.0283,1.7054,,0.6744,1.5422,0.9488,1.1810,1.2221,1.0835,1.6433,2.8457,0.8061,NQC,0.7654,0.8261,1.1188,1.1945,1.2947,NQC,2.2166,2.2483,1.9019,NQC,1.0772,1.3821,0.8199,1.6217,1.3494,0.1980,NQC,0.8910,1.2304,0.7059,0.6505,1.4858,1.0633,1.0999,0.6723,NQC,0.4423,0.0388,0.9381,0.4301,0.7703,0.4137,0.2398,NQC,NQC,0.4275
,KURUNEGALA,2.4450,2.2114,2.1529,2.0517,1.8028,1.9594,1.8901,NQC,1.8596,1.8020,1.8038,NQC,1.7860,NQC,1.7427,1.7739,1.3325,0.6497,0.6270,0.6299,0.6898,0.6308,1.1517,1.5090,1.4671,1.3214,1.6216,1.4165,1.3109,1.2277,1.0926,1.0851,NQC,NQC,0.8467,0.8908,NQC,1.9069,1.7552,NQC,1.6211,2.1101,NQC,1.5353,1.5258,1.3547,1.6149,1.5103,1.5525,1.1948,1.3281,NQC,1.2604,1.1574,1.0728,0.9851,0.7760,0.8995,0.7728,0.7933,1.0521,0.7893,0.8686,0.7227,0.6968,0.7800,1.7324,1.5884,1.7843,1.6378,1.3620,1.4152,NQC,NQC,1.3607,1.3602,1.3702,1.5379,1.6062,1.4926,1.3051,1.3051,1.3182,1.5648,1.7715,1.4696,1.2911,2.0030,1.9841,1.8426,1.7180,1.5825,1.5310,1.4394,1.2062,1.3492,1.1729,1.3144,1.3190,1.2114,1.0876,1.4045,1.2185,1.8484,0.9248,,0.8714,1.8014,1.7223,1.6156,1.8039,1.2393,1.2554,1.3235,1.3010,1.2591,1.7298,1.3590,1.7097,1.0912,0.6697,1.1679,0.8923,0.6169,1.0637,1.0022,1.9247,1.1116,1.6197,1.3966,1.5275,1.6678,1.2605,1.2803,1.0196,1.3563,2.0336,0.8900,0.6661,1.3119,1.1651,0.2528,1.4925,1.5466,1.3908,1.1356,0.9420,1.0916,0.5313,0.5652,0.6219,1.1512,1.2421,1.1566,1.0954,1.3155,1.3398,0.7368,1.1910,1.2539,1.1575,0.8692,0.8531,0.8571,1.5919,1.5239,1.4706,1.4114,1.7054,1.6575,NQC,1.5939,1.5505,1.5507,1.6734,1.7232,1.3718,1.4388,0.8450,1.4146,1.4234,1.6647,0.6808,0.8054,1.0332,0.9156,0.7927,1.2580,1.4961,1.0631,1.3894,,1.0374,-0.0164,1.0252,0.7317,0.3235,1.4361,1.4894,1.4793,,0.8216,0.7690,0.7867,0.9110,0.9779,1.2452,0.6307,0.6149,1.2402,0.7883,0.5893,1.2490,1.4497,0.6595,1.7725,1.9116,1.6475,,1.1684,1.3397,1.1712,1.1884,1.2134,1.2148,1.6345,2.0403,1.0150,1.4225,1.0276,1.0485,1.1157,1.1883,1.3399,1.1463,2.0660,2.3076,1.9087,1.7529,1.3026,1.3785,1.3026,1.5324,0.9763,0.8810,NQC,0.3170,0.7734,0.6582,1.0794,1.4250,1.0633,1.0999,1.0532,0.9007,0.8633,0.9299,1.0478,NQC,NQC,NQC,0.3450,NQC,NQC,0.0571
,ANURADHAPURA,2.5446,2.2347,2.1850,2.0651,1.7109,1.9552,NQC,1.5146,1.8506,1.6791,1.6969,1.5985,1.5063,NQC,1.4687,1.5009,1.2957,0.4627,0.4504,0.6045,0.7015,0.5884,1.0755,NQC,NQC,1.0521,NQC,1.4595,1.3195,1.2341,0.8982,1.1203,0.7564,0.5119,0.8329,0.9604,0.4826,1.9101,1.8694,1.3887,1.6126,2.1096,NQC,1.3221,1.3281,1.2083,1.6293,NQC,NQC,1.1079,1.3514,0.7886,1.3592,1.1641,1.0811,1.0188,0.7020,0.9203,0.4441,0.4329,1.0297,0.7943,NQC,0.7651,0.5270,0.3973,1.7348,1.6052,1.7928,1.6391,1.2147,1.4267,1.2359,NQC,1.2844,1.3634,1.3724,1.5616,1.6294,1.4956,NQC,1.1168,1.1125,1.5806,1.8439,1.5799,1.1886,1.9954,1.9585,1.9008,1.7180,1.5825,1.5310,1.4394,1.2062,1.3492,1.1729,1.3144,1.3190,1.2114,1.0876,1.4045,1.2185,1.8484,0.5820,,0.5738,1.8014,1.7223,1.4898,1.6590,1.1501,1.1762,1.3182,1.3053,1.2591,1.7909,1.5666,1.7097,1.0912,0.6697,0.3166,0.2262,0.0345,0.9754,0.3905,1.6915,1.0165,1.4700,1.5064,1.3866,1.8292,1.2434,1.1118,0.9891,1.2189,1.9597,0.8672,0.5470,1.2306,NQC,0.4688,1.4966,NQC,1.2106,1.1566,0.9020,0.8270,0.4092,0.4273,0.4326,0.9924,1.1319,0.9687,0.9214,1.2951,1.3138,0.6140,1.3498,1.2371,1.1753,0.8495,0.8702,0.6852,NQC,NQC,1.1827,NQC,NQC,NQC,1.3768,NQC,1.4098,1.4436,NQC,1.3458,1.1897,1.1741,0.7954,1.3664,1.3349,1.5635,0.5574,0.6968,0.8369,0.8638,0.6143,1.2046,1.4766,0.9517,1.3049,,0.0136,-0.7030,NQC,NQC,0.1540,1.2651,1.4365,1.4532,,0.7831,0.7446,0.5755,0.8199,0.8742,1.2194,0.5154,0.5316,1.1379,0.7585,0.4909,1.2046,1.4585,0.4957,1.7830,1.9146,1.6682,,0.9217,1.3960,0.9205,1.1829,1.2119,1.0047,1.6543,1.9157,0.9981,1.4193,1.0094,NQC,1.1094,1.1997,1.2827,1.1522,2.0410,2.3644,1.9023,1.6760,1.1131,1.4027,1.0335,1.5535,0.9904,0.6726,1.3924,0.3788,0.6794,1.0974,0.9846,1.3737,1.0633,1.0999,0.9405,0.9304,0.8027,0.9710,0.9686,0.0400,NQC,NQC,0.1912,NQC,NQC,NQC
,POLONNARUWA,2.4695,2.2591,2.1774,2.1071,1.7355,NQC,1.9909,1.4283,1.9345,NQC,1.6921,1.3959,1.3714,NQC,1.3320,1.3170,1.2649,0.5278,0.3220,0.6089,NQC,0.5797,1.1110,NQC,NQC,0.9454,NQC,NQC,NQC,NQC,0.9443,1.1076,0.7709,0.3551,0.8636,NQC,0.3594,1.9099,1.8118,1.4474,1.6687,2.2829,0.7871,1.0241,1.2206,0.8628,1.6465,NQC,NQC,NQC,NQC,0.5547,2.2960,NQC,NQC,NQC,0.7025,NQC,0.4181,0.1972,0.7790,NQC,NQC,NQC,NQC,0.1646,1.7341,1.5960,1.8066,1.6578,1.1787,1.4189,1.2355,1.1607,1.2919,1.3637,1.3867,1.5306,1.6160,1.5814,1.2950,1.0879,1.0800,1.6311,1.8352,1.2738,1.1956,2.0050,1.9948,NQC,1.7180,1.5825,1.5310,1.4394,1.2062,1.3492,1.1729,1.3144,1.3190,1.2114,1.0876,1.4045,1.2185,1.8484,0.4012,,0.5088,1.8014,1.7223,1.5368,1.7729,1.1436,1.0740,1.3523,1.2678,1.2591,1.8244,1.3766,1.7097,1.0912,0.6697,0.4470,NQC,0.0778,0.7398,1.1116,1.5049,0.7652,1.3141,1.4111,1.1273,1.8008,0.6901,0.7717,0.7040,0.9675,2.0047,NQC,0.3448,NQC,NQC,0.4235,NQC,NQC,0.7810,1.1235,0.9141,1.0630,0.3184,0.5996,0.5682,0.6785,1.0689,1.1071,1.0940,1.2805,1.3187,0.6335,1.2157,NQC,NQC,0.8400,0.9358,0.7772,NQC,NQC,1.1162,NQC,NQC,NQC,1.1836,NQC,1.2645,1.2247,NQC,1.3046,1.1833,1.0784,0.8926,1.2529,1.2973,1.6929,0.4872,0.6411,0.9751,0.7492,0.6793,1.3173,1.3861,0.7058,1.2577,,NQC,NQC,1.0606,0.9622,-0.2250,0.8484,NQC,1.4531,,0.8683,0.6871,0.5520,0.5703,0.5404,1.0312,0.6335,0.6845,1.3099,0.5399,0.4733,1.0710,1.4342,0.4619,NQC,NQC,1.6681,,0.7440,1.4564,0.9219,NQC,1.5420,1.0262,NQC,1.9195,0.8136,NQC,0.7598,0.6787,NQC,1.3367,1.5222,1.2411,2.0605,3.1166,1.9857,NQC,1.1115,NQC,6690,1.8568,NQC,0.2815,NQC,NQC,NQC,0.9177,1.4126,1.4168,1.0633,1.0999,1.0939,0.5276,0.8736,0.7846,0.8736,NQC,NQC,NQC,-0.2883,0.1868,NQC,0.9508
BADULLA,,2.5455,2.2159,2.1671,2.0619,1.7099,1.9626,NQC,NQC,1.8525,1.6845,1.6892,NQC,1.6678,NQC,1.6002,1.6644,1.3423,0.5294,0.5394,0.5930,0.7380,0.5809,1.1170,NQC,NQC,1.1412,1.6537,1.4312,1.3184,1.2406,0.9045,1.0729,0.7613,0.6449,0.8008,0.8918,0.6691,1.9119,1.9777,1.5255,1.6080,2.1020,NQC,1.4543,1.4500,1.3308,1.8790,NQC,NQC,1.1610,1.3583,1.1729,1.2654,1.1581,1.0947,0.9844,0.7008,0.9010,0.6326,0.6695,1.0278,0.8027,0.9178,0.7279,0.5684,0.5756,1.7477,1.6085,1.8237,1.6429,1.1799,1.4150,1.1800,1.1784,1.2889,1.3557,1.3822,1.5272,1.6169,1.4928,1.2377,1.1269,1.1269,1.5792,1.8670,1.4770,1.2283,2.0025,1.9570,1.9149,1.7180,1.5825,1.5310,1.4394,1.2062,1.3492,1.1729,1.3144,1.3190,1.2114,1.0876,1.4045,1.2185,1.8484,0.8145,,0.7917,1.8014,1.7223,1.5510,1.7796,1.1152,1.1193,1.3805,1.2933,1.2591,1.8211,1.3535,1.7097,1.0912,0.6697,0.9134,0.6454,0.2706,1.0761,0.5494,1.9214,0.7908,1.4983,1.5751,1.4448,1.6827,1.1443,1.2877,1.0562,1.3069,1.9882,0.9184,0.4432,2.1134,NQC,0.2804,1.4869,NQC,1.3114,1.1301,1.0792,0.7582,1.1353,0.4693,0.5296,1.1306,1.1207,1.1073,1.0919,1.3169,1.3376,0.6432,1.2105,1.2557,1.1346,0.9783,0.9479,NQC,1.5731,1.5611,1.3813,1.4547,NQC,NQC,1.5035,1.5724,1.4799,1.5833,NQC,1.5750,1.3150,1.3195,0.8250,1.3300,1.3951,1.5592,0.6684,0.7959,0.9895,0.8575,0.7773,1.3014,1.4761,1.0868,1.3884,,NQC,0.4326,0.8570,NQC,0.3061,1.3959,NQC,1.4505,,0.6813,0.6680,0.7388,0.9377,0.8487,1.2359,0.6017,0.6336,1.2002,0.7994,0.5660,1.2249,1.5813,0.5913,1.7891,1.9190,1.6578,,1.1227,1.3429,1.1501,1.1399,1.2260,1.0948,1.6552,1.9126,1.1218,1.4861,1.1276,1.1268,1.1227,1.1894,1.2904,1.1403,2.0492,2.2533,1.9184,1.6766,1.1762,1.3785,1.2276,1.5882,NQC,0.5365,1.3606,0.3080,1.2677,1.0347,1.1250,1.3095,1.0633,1.0999,0.5424,1.0123,0.7726,0.6111,1.0374,0.0831,-0.3555,0.2607,0.1355,-0.1891,-0.2628,-0.0167
,MONARAGALA,NQC,2.2410,NQC,2.1015,1.7277,1.9757,NQC,1.6018,1.8706,1.6825,1.6948,NQC,1.5849,NQC,1.5756,1.5776,1.2858,0.4781,0.4486,0.5756,0.7958,0.6198,1.2099,1.5401,1.4761,1.3009,NQC,1.4993,1.3949,1.2896,0.9548,1.1236,0.7820,0.4781,0.8673,NQC,0.4600,1.9073,NQC,1.3542,1.6237,2.1015,1.3110,1.4088,1.5479,1.2582,1.6545,NQC,NQC,1.1033,NQC,0.8722,NQC,1.1978,1.1111,0.9939,0.7174,0.9069,0.6196,0.6245,1.0800,NQC,NQC,0.7200,0.5772,0.5764,NQC,1.6203,1.8236,1.6521,1.3498,1.4148,NQC,NQC,1.2884,1.3561,1.3938,1.5169,NQC,1.5037,1.2380,1.2283,1.2320,1.6193,1.7155,1.6110,1.2026,2.0120,2.0942,NQC,1.7180,1.5825,1.5310,1.4394,1.2062,1.3492,1.1729,1.3144,1.3190,1.2114,1.0876,1.4045,1.2185,1.8484,0.8972,,0.7331,1.8014,1.7223,1.6109,1.6893,1.2249,1.2028,1.3171,1.3394,1.2591,1.6468,1.3682,1.7097,1.0912,0.6697,0.5759,0.1659,0.5746,1.1026,0.6034,1.9966,0.8100,1.4741,1.5587,1.4683,1.8142,1.2309,1.1301,0.8842,1.2613,1.9926,NQC,0.2875,NQC,NQC,0.4453,NQC,1.5679,1.2427,1.1112,1.0548,0.8588,0.0480,0.8132,0.5343,0.8673,1.2008,0.8528,0.8524,1.3544,1.3331,0.6200,1.2349,1.2791,1.1471,1.1008,1.0118,NQC,NQC,NQC,1.3157,1.4405,NQC,NQC,1.4777,NQC,1.5449,1.4620,NQC,1.5372,1.3262,1.4246,0.7508,1.3832,1.3710,1.7148,0.6880,0.7977,1.0657,0.9543,0.8444,1.2760,1.4126,1.0141,1.3114,,NQC,0.1575,NQC,NQC,0.5453,1.2657,1.3814,1.5647,,0.7453,0.5931,0.7615,0.7486,0.9530,1.2173,0.5658,0.5310,1.3403,0.6706,0.4617,1.0519,1.5784,0.5748,1.8538,2.0072,NQC,,0.7680,1.3838,0.9738,1.1678,1.2055,0.9880,2.2985,2.0695,0.9894,1.4434,0.8823,0.9414,1.1224,1.2130,1.2984,1.1313,2.0420,2.2375,1.9940,NQC,1.1086,1.5211,0.7886,1.5603,NQC,0.8387,NQC,NQC,NQC,NQC,1.0550,1.4320,1.0633,1.0999,1.1041,0.5185,0.7226,0.9871,1.0565,0.2499,0.4180,NQC,0.0474,NQC,NQC,NQC
KEGALLE,,2.4552,2.2150,2.1465,2.0600,1.8226,1.9616,1.9286,1.8207,1.8510,1.7998,1.7702,NQC,1.7513,NQC,1.7214,1.7437,1.2670,0.6261,0.6326,0.5952,0.7120,0.5924,1.1986,1.5336,1.5023,1.2941,1.6180,1.4343,1.3208,1.2332,1.1569,1.0843,NQC,NQC,0.8766,0.9010,NQC,1.9081,1.7507,NQC,1.6435,2.1115,NQC,1.5044,1.5247,1.3776,1.6197,1.5524,1.5784,1.2459,1.3279,NQC,1.2610,1.1635,1.0721,0.9858,0.8057,0.9070,0.8641,0.8421,1.0232,0.7839,0.8710,0.7455,NQC,0.7715,1.7372,1.5954,1.7889,1.6410,1.3248,1.4199,NQC,NQC,1.3205,1.3571,1.3728,1.5302,1.6071,1.4939,1.2780,1.2790,1.2810,1.5787,1.8873,1.4420,1.2876,2.0055,1.9769,1.8861,1.7180,1.5825,1.5310,1.4394,1.2062,1.3492,1.1729,1.3144,1.3190,1.2114,1.0876,1.4045,1.2185,1.8484,0.8502,,0.8456,1.8014,1.7223,1.5517,1.5968,1.2441,1.2477,1.3678,1.2760,1.2591,1.7454,1.5945,1.7097,1.0912,0.6697,1.0945,0.4628,0.6021,1.1404,0.9389,2.0723,0.8749,1.5964,1.4342,1.5047,1.8571,1.2025,1.3233,1.0717,1.3095,1.9588,0.9015,0.7922,1.1952,1.4896,0.5680,1.4864,1.5653,1.4507,1.1391,0.9274,1.2434,0.6065,0.6019,0.6335,1.1158,1.2645,1.1261,1.1031,1.3169,1.3908,0.7229,NQC,1.2483,NQC,0.8498,0.8756,0.8502,1.5982,1.5232,NQC,1.5006,1.7271,1.6564,NQC,1.5833,1.5750,1.5194,NQC,1.6189,1.3786,1.4595,0.9707,1.3978,1.4044,1.7144,0.6958,0.8720,1.0004,0.9211,0.8540,1.3112,1.5412,0.9452,1.3966,,NQC,0.0744,1.0454,0.7164,0.2845,1.4631,1.4590,1.4721,,0.7493,0.7444,0.8738,0.8652,1.0737,1.2186,0.6328,0.6277,1.3427,0.7396,0.5858,1.2393,1.5876,0.6279,1.8327,2.1312,1.6593,,1.3712,1.3500,1.1298,1.1409,1.2144,1.1452,1.6243,1.9288,NQC,1.4191,NQC,NQC,1.1227,1.1895,1.3118,1.1638,NQC,2.2542,1.9378,1.7883,1.2169,1.3879,1.2555,1.5584,1.0390,0.7501,NQC,0.6421,0.6656,0.9974,1.2090,1.4662,1.0633,1.0999,1.0478,0.8921,0.9599,1.0320,1.0519,0.2188,0.8706,0.9244,-0.5133,0.5523,NQC,0.7294
RATNAPURA,,2.4542,2.2112,2.1586,2.0526,1.7520,1.9571,1.8706,NQC,1.8509,1.7541,1.7803,1.8407,1.7434,1.7317,1.7202,1.7147,1.2033,0.5341,0.5334,0.5829,0.6883,0.5902,1.1127,1.5053,1.4642,1.2154,1.5955,1.4190,1.3121,1.2282,0.8876,1.0738,0.7368,0.6316,0.8098,0.9405,0.5332,1.9074,1.8441,1.4062,1.6228,2.1048,1.4407,1.4393,1.4481,1.3091,1.6347,1.5303,1.5353,1.1817,1.3333,1.2067,1.2627,1.1557,1.0801,0.9917,0.7062,0.9014,0.5878,0.5882,1.0664,0.7793,0.8644,0.7527,0.5703,0.5091,1.7364,1.5955,1.7846,1.6415,1.2444,1.4227,1.2459,1.2544,1.2849,1.3617,1.3737,1.5830,1.6159,1.5002,1.2372,1.1834,1.2047,1.6051,1.9297,1.4591,1.2819,1.9984,1.9621,1.9210,1.7180,1.5825,1.5310,1.4394,1.2062,1.3492,1.1729,1.3144,1.3190,1.2114,1.0876,1.4045,1.2185,1.8484,0.9760,,0.8792,1.8014,1.7223,1.6040,1.7623,1.1750,1.1759,1.3158,1.2878,1.2591,1.7394,1.5729,1.7097,1.0912,0.6697,0.8104,0.5249,0.2226,1.0998,0.5435,1.9903,1.0426,1.5941,1.5024,1.5039,1.9577,1.2087,1.2318,1.0688,1.3252,2.0209,0.9586,0.4803,1.2978,1.1581,0.3236,1.4965,1.5318,1.3435,1.1219,0.9978,0.9244,NQC,0.4302,0.5360,1.0478,1.2189,1.0580,1.0389,1.2958,1.2934,0.6395,1.1893,1.3187,1.1310,0.9134,0.9198,0.9651,1.5769,1.5460,NQC,1.4190,1.7051,1.6553,1.5615,1.5562,1.5037,1.5794,1.6648,1.6750,1.3096,1.4414,0.9048,1.4141,1.4149,1.7204,0.7058,0.9135,1.0032,0.8539,0.7808,1.2731,1.4501,1.0474,1.3317,,NQC,-0.4763,0.8375,NQC,0.4114,1.4130,1.4802,1.4721,,0.8147,0.7499,0.8890,0.8413,0.9621,1.2385,0.5529,0.6147,1.3119,0.7329,0.5235,1.2733,1.4209,0.5380,1.8044,1.9326,1.6637,,1.0801,1.3427,1.0947,1.1389,1.2139,1.1187,1.6512,1.9088,0.9367,1.4192,0.9579,0.9593,1.1143,1.2063,1.3437,1.1338,2.0827,2.3350,1.9812,1.6966,1.0523,1.4266,1.0482,1.5407,0.9947,0.6155,NQC,0.5192,NQC,1.0633,1.0389,1.3480,1.0633,1.0999,0.9832,0.7336,0.8004,0.6529,0.7332,0.4776,NQC,0.1878,0.1522,-0.0469,NQC,0.4033
